Player,Tm,G,PER,WS/48,VORP
Jeff Adrien,GSW,23,11.3,.051,-0.2
Arron Afflalo,DEN,69,13.6,.128,2.0
Maurice Ager,MIN,4,10.1,-0.015,0.0
Alexis Ajinça,TOT,34,12.2,.052,-0.2
Alexis Ajinça,DAL,10,12.8,.084,0.0
Alexis Ajinça,TOR,24,12.0,.042,-0.1
Solomon Alabi,TOR,12,2.0,-0.142,-0.1
Cole Aldrich,OKC,18,7.0,.066,-0.1
LaMarcus Aldridge,POR,81,21.5,.166,3.4
Malik Allen,ORL,18,3.3,.046,-0.2
Ray Allen*,BOS,80,16.4,.166,3.6
Tony Allen,MEM,72,18.4,.152,2.1
Al-Farouq Aminu,LAC,81,9.6,.022,-0.3
Lou Amundson,GSW,46,11.5,.044,-0.4
Chris Andersen,DEN,45,19.0,.207,0.9
David Andersen,TOT,40,10.9,.032,-0.1
David Andersen,TOR,11,13.8,.063,0.1
David Andersen,NOH,29,8.9,.012,-0.2
James Anderson,SAS,26,8.5,.051,0.0
Ryan Anderson,ORL,64,19.0,.216,2.4
Carmelo Anthony,TOT,77,21.7,.138,2.7
Carmelo Anthony,DEN,50,21.2,.127,1.5
Carmelo Anthony,NYK,27,22.8,.157,1.2
Joel Anthony,MIA,75,7.3,.107,0.2
Gilbert Arenas,TOT,70,10.8,.014,-0.2
Gilbert Arenas,WAS,21,14.0,.025,0.2
Gilbert Arenas,ORL,49,8.6,.007,-0.4
Trevor Ariza,NOH,75,11.3,.062,1.0
Hilton Armstrong,TOT,53,8.8,.045,-0.2
Hilton Armstrong,WAS,41,8.6,.043,-0.2
Hilton Armstrong,ATL,12,10.1,.054,0.0
Carlos Arroyo,TOT,64,9.0,.068,-0.1
Carlos Arroyo,MIA,49,9.5,.078,0.0
Carlos Arroyo,BOS,15,6.7,.016,-0.1
Darrell Arthur,MEM,80,15.7,.113,0.2
Ömer Aşık,CHI,82,11.8,.130,0.1
D.J. Augustin,CHA,82,15.9,.108,1.5
Luke Babbitt,POR,24,1.0,-0.143,-0.3
Renaldo Balkman,TOT,8,9.3,.114,0.0
Renaldo Balkman,DEN,5,12.8,.182,0.0
Renaldo Balkman,NYK,3,0.7,-0.050,0.0
Marcus Banks,TOR,3,6.8,.011,0.0
Leandro Barbosa,TOR,58,15.3,.052,0.2
J.J. Barea,DAL,81,14.8,.093,0.6
Andrea Bargnani,TOR,66,16.4,.052,0.4
Matt Barnes,LAL,53,14.6,.142,0.7
Earl Barron,TOT,21,6.2,-0.039,-0.5
Earl Barron,PHO,12,1.5,-0.106,-0.4
Earl Barron,MIL,7,17.3,.130,0.0
Earl Barron,POR,2,3.8,-0.093,-0.1
Brandon Bass,ORL,76,15.9,.153,1.1
Tony Battie,PHI,38,9.5,.075,-0.1
Shane Battier,TOT,82,12.3,.103,2.0
Shane Battier,HOU,59,12.9,.105,1.8
Shane Battier,MEM,23,10.6,.097,0.3
Nicolas Batum,POR,80,14.8,.126,2.0
Jerryd Bayless,TOT,71,14.1,.053,0.1
Jerryd Bayless,NOH,11,7.2,-0.050,-0.2
Jerryd Bayless,TOR,60,14.9,.064,0.3
Michael Beasley,MIN,73,15.5,.035,0.1
Rodrigue Beaubois,DAL,28,11.4,.022,-0.1
Marco Belinelli,NOH,80,12.1,.084,0.7
Charlie Bell,GSW,19,4.7,-0.040,-0.1
Raja Bell,UTA,68,8.2,.040,-0.6
Mike Bibby,TOT,80,10.9,.085,0.6
Mike Bibby,ATL,56,11.7,.089,0.6
Mike Bibby,WAS,2,1.1,-0.161,-0.1
Mike Bibby,MIA,22,9.0,.084,0.1
Andris Biedriņš,GSW,59,12.1,.088,-0.1
Chauncey Billups,TOT,72,18.7,.166,2.7
Chauncey Billups,DEN,51,18.6,.171,2.1
Chauncey Billups,NYK,21,19.1,.155,0.6
DeJuan Blair,SAS,81,17.1,.132,0.7
Steve Blake,LAL,79,7.5,.055,-0.1
Andray Blatche,WAS,64,16.9,.053,0.6
Eric Bledsoe,LAC,81,10.8,.008,-0.1
Keith Bogans,CHI,82,9.0,.118,0.7
Andrew Bogut,MIL,65,16.7,.112,1.9
Matt Bonner,SAS,66,13.5,.147,1.4
Trevor Booker,WAS,65,15.3,.119,0.3
Carlos Boozer,CHI,59,18.8,.149,1.4
Chris Bosh*,MIA,77,19.4,.177,2.3
Earl Boykins,MIL,57,17.6,.125,1.0
Craig Brackins,PHI,3,0.1,-0.154,-0.1
Avery Bradley,BOS,31,2.2,-0.139,-0.4
Elton Brand,PHI,81,18.5,.161,2.4
Corey Brewer,TOT,69,11.0,.036,-0.1
Corey Brewer,MIN,56,10.3,.023,-0.3
Corey Brewer,DAL,13,17.6,.163,0.1
Ronnie Brewer,CHI,81,13.8,.147,2.0
Jon Brockman,MIL,63,9.6,.132,-0.3
Aaron Brooks,TOT,59,13.1,.040,-0.3
Aaron Brooks,HOU,34,11.7,.023,-0.4
Aaron Brooks,PHO,25,15.6,.070,0.1
Derrick Brown,TOT,49,12.9,.083,0.1
Derrick Brown,CHA,41,12.4,.074,0.0
Derrick Brown,NYK,8,16.0,.130,0.0
Kwame Brown,CHA,66,12.8,.097,-0.3
Shannon Brown,LAL,82,13.6,.093,0.5
Kobe Bryant*,LAL,82,23.9,.178,5.0
Chase Budinger,HOU,78,14.2,.095,0.8
Caron Butler,DAL,29,14.2,.067,0.2
Rasual Butler,TOT,47,6.2,-0.009,-0.4
Rasual Butler,LAC,41,5.9,-0.013,-0.4
Rasual Butler,CHI,6,14.5,.107,0.0
Andrew Bynum,LAL,54,21.1,.210,2.0
Will Bynum,DET,61,15.2,.066,0.0
José Calderón,TOR,68,16.3,.084,1.5
Marcus Camby,POR,59,14.8,.116,1.4
Derrick Caracter,LAL,41,10.0,.057,-0.3
Brian Cardinal,DAL,56,9.7,.132,0.5
Rodney Carney,TOT,27,10.8,.038,-0.1
Rodney Carney,GSW,25,10.7,.038,-0.1
Rodney Carney,MEM,2,20.4,.071,0.0
DeMarre Carroll,TOT,12,8.7,.066,0.0
DeMarre Carroll,MEM,7,12.4,.145,0.0
DeMarre Carroll,HOU,5,-4.5,-0.214,0.0
Matt Carroll,CHA,54,12.2,.062,-0.1
Anthony Carter,TOT,33,9.2,.023,-0.1
Anthony Carter,DEN,14,5.4,-0.018,-0.1
Anthony Carter,NYK,19,11.1,.044,0.0
Vince Carter,TOT,73,14.8,.089,1.2
Vince Carter,ORL,22,16.2,.151,0.6
Vince Carter,PHO,51,14.2,.060,0.6
Omri Casspi,SAC,71,11.7,.069,0.6
Mario Chalmers,MIA,70,10.3,.089,0.5
Tyson Chandler,DAL,74,18.4,.218,1.8
Wilson Chandler,TOT,72,14.6,.079,1.1
Wilson Chandler,NYK,51,15.7,.094,0.9
Wilson Chandler,DEN,21,11.6,.037,0.2
Josh Childress,PHO,54,13.0,.076,0.3
Earl Clark,TOT,42,10.1,.030,-0.2
Earl Clark,PHO,9,11.3,-0.010,0.0
Earl Clark,ORL,33,9.9,.038,-0.2
Jarron Collins,TOT,28,1.6,-0.016,-0.3
Jarron Collins,LAC,23,1.8,.000,-0.2
Jarron Collins,POR,5,0.0,-0.124,-0.1
Jason Collins,ATL,49,5.4,.049,-0.4
Sherron Collins,CHA,20,3.6,-0.121,-0.1
Darren Collison,IND,79,15.6,.087,1.0
Nick Collison,OKC,71,10.8,.113,0.3
Mike Conley,MEM,81,15.9,.111,2.3
Brian Cook,LAC,40,11.6,.064,0.0
Daequan Cook,OKC,43,12.8,.126,0.5
Marcus Cousin,UTA,4,7.8,.008,0.0
DeMarcus Cousins,SAC,81,14.6,.022,-0.4
Jamal Crawford,ATL,76,14.2,.071,0.6
Jordan Crawford,TOT,42,11.8,-0.026,-0.5
Jordan Crawford,ATL,16,7.6,-0.090,-0.1
Jordan Crawford,WAS,26,12.6,-0.014,-0.3
Dante Cunningham,TOT,78,10.7,.060,-0.5
Dante Cunningham,POR,56,9.5,.057,-0.4
Dante Cunningham,CHA,22,13.1,.065,-0.1
Stephen Curry,GSW,74,19.4,.128,2.7
Samuel Dalembert,SAC,80,14.1,.072,-0.1
Erick Dampier,MIA,51,9.7,.109,0.4
Antonio Daniels,PHI,4,6.7,.044,0.0
Marquis Daniels,BOS,49,11.7,.103,0.6
Baron Davis,TOT,58,17.0,.081,1.6
Baron Davis,LAC,43,16.3,.079,1.0
Baron Davis,CLE,15,19.3,.086,0.6
Ed Davis,TOR,65,15.8,.119,0.4
Glen Davis,BOS,78,12.8,.102,0.0
Austin Daye,DET,72,13.0,.070,0.3
Carlos Delfino,MIL,49,13.1,.105,1.4
Luol Deng,CHI,82,15.5,.149,3.0
DeMar DeRozan,TOR,82,14.5,.055,-0.3
Boris Diaw,CHA,82,13.9,.082,1.8
Ike Diogu,LAC,36,13.7,.104,-0.3
DeSagana Diop,CHA,16,5.4,-0.016,-0.1
Keyon Dooling,MIL,80,11.3,.080,0.4
Joey Dorsey,TOR,43,14.2,.072,0.1
Toney Douglas,NYK,81,15.2,.101,1.2
Chris Douglas-Roberts,MIL,44,11.5,.088,0.1
Zabian Dowdell,PHO,24,11.7,-0.019,-0.1
Goran Dragić,TOT,70,13.2,.040,0.2
Goran Dragić,PHO,48,11.2,-0.012,-0.3
Goran Dragić,HOU,22,17.7,.157,0.5
Jared Dudley,PHO,82,15.6,.126,2.0
Chris Duhon,ORL,51,5.6,.014,-0.3
Tim Duncan*,SAS,76,21.9,.171,3.5
Mike Dunleavy,IND,61,14.6,.129,1.5
Ronald Dupree,TOR,3,0.5,-0.094,0.0
Kevin Durant,OKC,78,23.6,.189,5.3
Devin Ebanks,LAL,20,19.4,.144,0.0
Wayne Ellington,MIN,62,8.6,.010,-0.5
Monta Ellis,GSW,80,18.6,.089,2.3
Francisco Elson,UTA,62,8.9,.046,-0.2
Melvin Ely,DEN,30,8.3,.083,-0.1
Semih Erden,TOT,41,10.3,.115,-0.1
Semih Erden,BOS,37,10.8,.128,0.0
Semih Erden,CLE,4,6.2,.002,-0.1
Jeremy Evans,UTA,49,18.8,.167,0.5
Maurice Evans,TOT,73,9.1,.054,-0.5
Maurice Evans,ATL,47,7.5,.050,-0.4
Maurice Evans,WAS,26,10.9,.058,-0.1
Reggie Evans,TOR,30,12.4,.077,0.1
Tyreke Evans,SAC,57,14.4,.036,1.1
Patrick Ewing,NOH,7,0.6,-0.158,0.0
Christian Eyenga,CLE,44,9.0,-0.016,-0.5
Jordan Farmar,NJN,73,14.1,.050,0.7
Derrick Favors,TOT,78,13.9,.091,-0.5
Derrick Favors,NJN,56,12.6,.083,-0.5
Derrick Favors,UTA,22,16.8,.110,0.0
Raymond Felton,TOT,75,16.6,.094,1.8
Raymond Felton,NYK,54,17.3,.093,1.3
Raymond Felton,DEN,21,14.7,.097,0.5
Rudy Fernández,POR,78,13.4,.100,1.3
Kyrylo Fesenko,UTA,53,5.8,-0.011,-0.6
Landry Fields,NYK,82,13.5,.100,1.4
Derek Fisher,LAL,82,8.9,.078,0.0
Jonny Flynn,MIN,53,7.1,-0.064,-1.1
Gary Forbes,DEN,63,11.7,.055,-0.2
T.J. Ford,IND,41,9.9,.011,-0.2
Jeff Foster,IND,56,14.3,.152,0.4
Randy Foye,LAC,63,11.4,.051,0.1
Channing Frye,PHO,77,12.8,.090,1.1
Dan Gadzuric,TOT,42,9.9,.014,-0.6
Dan Gadzuric,GSW,28,10.2,.013,-0.4
Dan Gadzuric,NJN,14,9.1,.015,-0.2
Sundiata Gaines,TOT,24,11.3,-0.015,-0.1
Sundiata Gaines,MIN,8,4.9,-0.102,-0.1
Sundiata Gaines,TOR,6,9.3,-0.050,0.0
Sundiata Gaines,NJN,10,15.3,.046,0.1
Danilo Gallinari,TOT,62,15.7,.139,1.4
Danilo Gallinari,NYK,48,15.6,.140,0.9
Danilo Gallinari,DEN,14,15.9,.133,0.5
Francisco García,SAC,58,13.5,.104,1.0
Kevin Garnett*,BOS,71,20.6,.194,3.8
Marc Gasol,MEM,81,16.8,.146,2.8
Pau Gasol,LAL,82,23.3,.232,5.2
Rudy Gay,MEM,54,17.8,.123,2.6
Alonzo Gee,TOT,56,10.8,.045,-0.1
Alonzo Gee,SAS,5,-2.1,-0.175,0.0
Alonzo Gee,WAS,11,9.9,.023,0.0
Alonzo Gee,CLE,40,11.1,.052,-0.1
Paul George,IND,61,13.0,.091,0.6
Daniel Gibson,CLE,67,13.2,.062,0.8
Taj Gibson,CHI,80,14.3,.143,0.5
Manu Ginóbili*,SAS,80,21.7,.195,4.5
Ryan Gomes,LAC,76,9.0,.057,-0.1
Drew Gooden,MIL,35,15.9,.101,0.2
Ben Gordon,DET,82,12.4,.037,-0.3
Eric Gordon,LAC,56,18.5,.120,2.2
Marcin Gortat,TOT,80,17.8,.152,1.5
Marcin Gortat,ORL,25,13.7,.157,0.2
Marcin Gortat,PHO,55,18.8,.151,1.2
Joey Graham,CLE,39,7.7,-0.004,-0.6
Stephen Graham,NJN,59,4.4,-0.014,-1.2
Danny Granger,IND,79,17.8,.120,2.9
Aaron Gray,NOH,41,11.0,.100,-0.3
Danny Green,SAS,8,13.2,.076,0.0
Jeff Green,TOT,75,12.9,.095,0.5
Jeff Green,OKC,49,12.9,.087,0.3
Jeff Green,BOS,26,12.9,.118,0.2
Willie Green,NOH,77,10.8,.052,-0.3
Donté Greene,SAC,69,9.7,.022,-0.1
Orien Greene,NJN,3,33.0,.293,0.0
Blake Griffin,LAC,82,21.9,.152,3.6
Hamed Haddadi,MEM,31,19.7,.164,0.0
Richard Hamilton,DET,55,15.8,.059,0.1
Tyler Hansbrough,IND,70,16.4,.118,0.0
Luke Harangody,TOT,49,10.1,.048,-0.3
Luke Harangody,BOS,28,8.7,.075,-0.2
Luke Harangody,CLE,21,11.0,.032,-0.1
James Harden,OKC,82,16.4,.156,2.2
Al Harrington,DEN,73,12.3,.060,0.1
Devin Harris,TOT,71,17.2,.089,1.5
Devin Harris,NJN,54,17.6,.096,1.4
Devin Harris,UTA,17,15.7,.068,0.1
Manny Harris,CLE,54,10.4,.002,-0.4
Mike Harris,HOU,4,17.9,.102,0.0
Udonis Haslem,MIA,13,12.7,.130,0.0
Spencer Hawes,PHI,81,12.8,.066,0.0
Chuck Hayes,HOU,74,16.2,.146,2.1
Gordon Hayward,UTA,72,10.7,.048,-0.1
Lazar Hayward,MIN,42,10.8,.035,-0.1
Brendan Haywood,DAL,72,11.7,.104,0.0
Luther Head,SAC,36,11.7,.073,0.2
Gerald Henderson,CHA,68,13.2,.068,0.1
Xavier Henry,MEM,38,7.0,.021,-0.4
Roy Hibbert,IND,81,15.9,.077,0.5
J.J. Hickson,CLE,80,15.6,.032,-1.1
Nenê,DEN,75,20.4,.201,3.2
George Hill,SAS,76,14.6,.136,1.5
Grant Hill*,PHO,80,14.7,.087,0.9
Jordan Hill,HOU,72,13.1,.079,-0.7
Kirk Hinrich,TOT,72,12.3,.068,0.4
Kirk Hinrich,WAS,48,13.5,.076,0.4
Kirk Hinrich,ATL,24,9.8,.050,0.0
Jrue Holiday,PHI,82,15.4,.094,2.0
Ryan Hollins,CLE,70,10.7,.072,-0.7
Al Horford,ATL,77,20.7,.179,3.9
Eddie House,MIA,56,11.9,.108,0.4
Dwight Howard,ORL,78,26.1,.235,5.4
Josh Howard,WAS,18,9.2,-0.027,-0.2
Juwan Howard,MIA,57,8.4,.074,-0.2
Lester Hudson,WAS,11,6.0,-0.082,0.0
Kris Humphries,NJN,74,17.8,.125,1.3
Serge Ibaka,OKC,82,17.7,.164,1.4
Andre Iguodala,PHI,67,17.2,.130,3.2
Zydrunas Ilgauskas,MIA,72,12.8,.122,-0.2
D.J. Mbenga,NOH,41,9.7,.076,-0.1
Ersan İlyasova,MIL,60,14.3,.121,0.5
Royal Ivey,OKC,25,8.2,.060,0.0
Jarrett Jack,TOT,83,14.2,.066,0.5
Jarrett Jack,TOR,13,12.6,.002,-0.1
Jarrett Jack,NOH,70,14.6,.082,0.6
Darnell Jackson,SAC,59,12.3,.069,-0.2
Stephen Jackson,CHA,67,14.6,.039,0.9
Damion James,NJN,25,10.1,.015,-0.1
LeBron James,MIA,79,27.3,.244,7.8
Antawn Jamison,CLE,56,16.8,.067,0.9
Othyus Jeffers,TOT,17,13.3,.097,0.0
Othyus Jeffers,SAS,1,-0.5,-0.183,0.0
Othyus Jeffers,WAS,16,13.7,.104,0.0
Al Jefferson,UTA,82,20.1,.128,1.9
Richard Jefferson,SAS,81,12.4,.115,1.4
Jared Jeffries,TOT,42,8.0,.045,0.0
Jared Jeffries,HOU,18,9.5,.042,-0.1
Jared Jeffries,NYK,24,7.6,.046,0.0
Brandon Jennings,MIL,63,15.6,.086,2.0
Eugene Jeter,SAC,62,11.1,.037,-0.3
Yi Jianlian,WAS,63,10.1,.016,-0.9
Amir Johnson,TOR,72,17.6,.146,1.1
Armon Johnson,POR,38,9.3,-0.044,-0.2
Chris Johnson,TOT,14,10.2,.080,-0.1
Chris Johnson,POR,10,10.3,.069,-0.1
Chris Johnson,BOS,4,9.9,.118,0.0
James Johnson,TOT,38,12.6,.036,0.3
James Johnson,CHI,13,8.8,-0.014,-0.1
James Johnson,TOR,25,13.2,.044,0.3
Joe Johnson,ATL,72,16.4,.080,1.1
Trey Johnson,TOT,8,8.3,-0.009,-0.1
Trey Johnson,TOR,7,7.0,-0.048,-0.1
Trey Johnson,LAL,1,16.2,.230,0.0
Wesley Johnson,MIN,79,10.2,.030,0.2
Dahntay Jones,IND,45,13.7,.102,0.1
Dominique Jones,DAL,18,10.6,.007,0.0
James Jones,MIA,81,11.1,.145,1.2
Solomon Jones,IND,39,8.5,.042,-0.3
DeAndre Jordan,LAC,80,14.8,.122,0.7
Chris Kaman,LAC,32,15.7,.047,0.1
Jason Kapono,PHI,24,1.6,-0.070,-0.2
Jason Kidd*,DAL,80,14.4,.116,3.3
Andrei Kirilenko,UTA,64,16.6,.109,2.1
Linas Kleiza,TOR,39,10.1,-0.012,-0.7
Kyle Korver,CHI,82,13.0,.149,1.3
Kosta Koufos,TOT,50,12.6,.027,-0.4
Kosta Koufos,MIN,39,10.4,-0.004,-0.3
Kosta Koufos,DEN,11,20.3,.133,-0.1
Nenad Krstić,TOT,71,13.1,.122,-0.2
Nenad Krstić,OKC,47,12.5,.096,-0.2
Nenad Krstić,BOS,24,14.3,.170,0.0
Carl Landry,TOT,76,14.8,.098,0.1
Carl Landry,SAC,53,14.7,.086,0.1
Carl Landry,NOH,23,15.2,.125,0.0
Acie Law,TOT,51,9.9,.027,-0.4
Acie Law,MEM,11,0.4,-0.138,-0.2
Acie Law,GSW,40,11.3,.052,-0.2
Gani Lawal,PHO,1,-9.1,-0.009,0.0
Ty Lawson,DEN,80,17.9,.153,2.2
Courtney Lee,HOU,81,12.6,.076,0.4
David Lee,GSW,73,17.8,.110,1.1
Rashard Lewis,TOT,57,12.0,.079,0.7
Rashard Lewis,ORL,25,11.0,.091,0.3
Rashard Lewis,WAS,32,12.8,.070,0.4
Jeremy Lin,GSW,29,14.8,.078,0.3
Shaun Livingston,CHA,73,14.3,.073,0.7
Brook Lopez,NJN,82,19.3,.105,1.9
Robin Lopez,PHO,67,13.9,.074,-0.5
Kevin Love,MIN,73,24.3,.210,4.2
Kyle Lowry,HOU,75,16.5,.130,2.6
John Lucas III,CHI,2,-0.1,-0.121,0.0
Corey Maggette,MIL,67,15.8,.115,0.5
Jamaal Magloire,MIA,18,12.7,.172,0.1
Ian Mahinmi,DAL,56,13.7,.177,0.0
Shawn Marion,DAL,80,17.0,.120,1.3
Sean Marks,POR,29,4.9,.019,-0.3
Cartier Martin,WAS,52,11.7,.071,0.2
Kenyon Martin,DEN,48,14.1,.104,0.9
Kevin Martin,HOU,80,21.4,.175,3.5
Roger Mason,NYK,26,7.1,.029,-0.1
Wesley Matthews,POR,82,15.5,.126,2.0
Jason Maxiell,DET,57,9.4,.024,-0.6
Eric Maynor,OKC,82,11.7,.061,0.1
O.J. Mayo,MEM,71,12.6,.062,0.7
Luc Mbah a Moute,MIL,79,11.5,.109,0.4
Antonio McDyess,SAS,73,12.8,.105,0.4
JaVale McGee,WAS,79,17.4,.115,0.9
Tracy McGrady*,DET,72,14.9,.061,1.1
Dominic McGuire,CHA,52,10.4,.059,-0.2
Josh McRoberts,IND,72,16.0,.147,1.7
Jodie Meeks,PHI,74,12.5,.120,1.1
Pops Mensah-Bonsu,NOH,7,-0.1,.013,-0.1
C.J. Miles,UTA,78,14.4,.061,0.5
Darko Miličić,MIN,69,12.2,.007,-0.3
Andre Miller,POR,81,17.8,.127,2.4
Brad Miller,HOU,60,16.3,.142,1.2
Mike Miller,MIA,41,9.7,.090,0.1
Patty Mills,POR,64,13.0,.044,0.1
Paul Millsap,UTA,76,19.8,.143,2.5
Yao Ming*,HOU,5,19.8,.147,0.1
Nazr Mohammed,TOT,75,15.9,.100,-0.3
Nazr Mohammed,CHA,51,15.9,.080,-0.3
Nazr Mohammed,OKC,24,16.0,.139,0.0
Greg Monroe,DET,80,18.0,.143,1.4
Jamario Moon,TOT,59,10.1,.050,0.2
Jamario Moon,CLE,40,10.7,.043,0.2
Jamario Moon,LAC,19,8.4,.068,0.0
Anthony Morrow,NJN,58,12.1,.078,0.5
Timofey Mozgov,TOT,45,10.8,.053,-0.3
Timofey Mozgov,NYK,34,10.3,.044,-0.3
Timofey Mozgov,DEN,11,14.4,.112,0.0
Byron Mullens,OKC,13,3.5,-0.113,-0.2
Troy Murphy,TOT,35,8.0,.029,-0.1
Troy Murphy,NJN,18,6.7,-0.022,-0.2
Troy Murphy,BOS,17,10.1,.111,0.0
Hamady N'Diaye,WAS,16,5.3,.046,-0.1
Eduardo Nájera,CHA,31,5.5,.020,-0.2
Steve Nash*,PHO,75,20.8,.153,3.3
Gary Neal,SAS,80,13.1,.099,0.7
Jameer Nelson,ORL,76,15.4,.136,1.8
Joakim Noah,CHI,48,18.8,.205,1.9
Andrés Nocioni,PHI,54,10.1,.067,-0.1
Steve Novak,TOT,30,17.8,.196,0.4
Steve Novak,DAL,7,19.6,.205,0.0
Steve Novak,SAS,23,17.7,.195,0.3
Dirk Nowitzki,DAL,73,23.4,.213,4.5
Jermaine O'Neal,BOS,24,9.2,.065,-0.2
Shaquille O'Neal*,BOS,37,17.4,.174,0.4
Fabricio Oberto,POR,5,0.8,-0.012,-0.1
Lamar Odom,LAL,82,19.4,.184,3.7
Emeka Okafor,NOH,72,16.0,.136,0.9
Mehmet Okur,UTA,13,12.6,.048,0.0
Travis Outlaw,NJN,82,8.8,.016,-0.9
Larry Owens,TOT,12,11.2,.083,0.1
Larry Owens,SAS,7,11.9,.151,0.0
Larry Owens,WAS,5,11.0,.064,0.1
Zaza Pachulia,ATL,79,12.4,.118,-0.2
Anthony Parker,CLE,72,10.5,.034,0.0
Tony Parker,SAS,78,20.4,.156,2.4
Patrick Patterson,HOU,52,16.7,.134,0.5
Chris Paul,NOH,80,23.7,.232,6.7
Sasha Pavlović,TOT,31,6.0,.042,-0.1
Sasha Pavlović,DAL,10,7.8,.067,0.0
Sasha Pavlović,NOH,4,2.9,-0.065,0.0
Sasha Pavlović,BOS,17,5.1,.051,-0.1
Nikola Peković,MIN,65,11.2,.035,-0.8
Kendrick Perkins,TOT,29,9.6,.063,-0.2
Kendrick Perkins,BOS,12,10.2,.088,0.0
Kendrick Perkins,OKC,17,9.1,.046,-0.1
Morris Peterson,OKC,4,1.7,.015,0.0
Johan Petro,NJN,77,9.9,.024,-0.6
Paul Pierce*,BOS,80,19.7,.201,4.6
Mickaël Piétrus,TOT,57,9.8,.055,0.3
Mickaël Piétrus,ORL,19,8.3,.082,0.2
Mickaël Piétrus,PHO,38,10.8,.039,0.1
Dexter Pittman,MIA,2,-6.4,-0.246,0.0
Quincy Pondexter,NOH,66,8.5,.060,-0.1
James Posey,IND,49,7.5,.056,0.0
Leon Powe,TOT,30,15.0,.090,-0.1
Leon Powe,CLE,14,12.9,.051,-0.1
Leon Powe,MEM,16,17.8,.142,-0.1
Josh Powell,ATL,54,8.0,-0.012,-0.9
A.J. Price,IND,50,10.7,.020,-0.2
Ronnie Price,UTA,59,5.5,-0.048,-0.8
Tayshaun Prince,DET,78,15.1,.062,0.7
Joel Przybilla,TOT,36,6.2,.046,-0.4
Joel Przybilla,POR,31,7.2,.066,-0.2
Joel Przybilla,CHA,5,0.3,-0.074,-0.2
Chris Quinn,SAS,41,7.5,.024,-0.2
Vladimir Radmanović,GSW,74,12.6,.086,0.6
Anthony Randolph,TOT,40,16.2,.038,0.0
Anthony Randolph,NYK,17,7.6,-0.074,-0.1
Anthony Randolph,MIN,23,18.5,.069,0.1
Zach Randolph,MEM,75,22.6,.185,3.2
Theo Ratliff,LAL,10,4.4,.000,0.0
Andy Rautins,NYK,5,-1.2,-0.314,-0.1
Michael Redd,MIL,10,9.7,.048,-0.1
J.J. Redick,ORL,59,12.8,.142,1.2
Jason Richardson,TOT,80,15.0,.123,2.5
Jason Richardson,PHO,25,19.1,.117,0.7
Jason Richardson,ORL,55,13.2,.125,1.7
Quentin Richardson,ORL,57,8.1,.067,0.1
Luke Ridnour,MIN,71,15.0,.089,1.1
Nate Robinson,TOT,59,10.0,.051,-0.2
Nate Robinson,BOS,55,10.2,.054,-0.1
Nate Robinson,OKC,4,3.3,-0.063,-0.1
Rajon Rondo,BOS,68,17.1,.126,3.2
Derrick Rose,CHI,81,23.5,.208,6.7
Quinton Ross,NJN,36,3.7,-0.007,-0.4
Brandon Roy,POR,47,13.9,.077,0.6
Brandon Rush,IND,67,10.6,.070,0.5
John Salmons,MIL,73,12.8,.081,1.1
Samardo Samuels,CLE,37,11.7,.002,-0.7
Larry Sanders,MIL,60,11.0,.057,-0.3
Brian Scalabrine,CHI,18,6.5,.071,0.0
Luis Scola,HOU,74,18.4,.110,1.0
Thabo Sefolosha,OKC,79,10.4,.097,1.3
Kevin Séraphin,WAS,58,8.4,.017,-0.8
Ramon Sessions,CLE,81,19.0,.099,1.3
Mustafa Shakur,WAS,22,6.8,-0.112,-0.2
Garret Siler,PHO,21,13.5,.054,-0.1
Bobby Simmons,SAS,2,-5.5,-0.138,0.0
Brian Skinner,MIL,2,0.0,.023,0.0
Craig Smith,LAC,48,15.4,.120,0.1
Ish Smith,TOT,43,7.6,-0.016,-0.3
Ish Smith,HOU,28,8.8,.002,-0.1
Ish Smith,MEM,15,4.3,-0.066,-0.2
J.R. Smith,DEN,79,16.4,.121,1.9
Jason Smith,NOH,77,10.8,.070,-0.4
Joe Smith,TOT,16,-0.1,-0.099,-0.1
Joe Smith,NJN,4,-3.9,-0.159,-0.1
Joe Smith,LAL,12,2.1,-0.065,-0.1
Josh Smith,ATL,77,19.2,.116,3.2
Darius Songaila,PHI,10,1.2,-0.019,-0.1
Marreese Speights,PHI,64,15.3,.110,-0.2
Tiago Splitter,SAS,60,16.0,.149,0.2
Jerry Stackhouse,MIA,7,6.0,.005,-0.1
Lance Stephenson,IND,12,5.5,-0.093,-0.2
DeShawn Stevenson,DAL,72,9.8,.074,0.5
Peja Stojaković,TOT,33,15.2,.126,0.6
Peja Stojaković,NOH,6,16.7,.144,0.1
Peja Stojaković,TOR,2,34.0,.242,0.1
Peja Stojaković,DAL,25,14.1,.118,0.4
Amar'e Stoudemire,NYK,78,22.7,.134,2.4
Rodney Stuckey,DET,70,18.4,.111,1.2
DaJuan Summers,DET,22,4.4,-0.083,-0.4
Pape Sy,ATL,3,9.2,-0.047,0.0
Jermaine Taylor,TOT,34,12.2,.014,-0.2
Jermaine Taylor,HOU,8,13.3,.027,0.0
Jermaine Taylor,SAC,26,12.0,.011,-0.2
Jeff Teague,ATL,70,14.6,.083,0.6
Sebastian Telfair,MIN,37,10.5,.008,-0.3
Garrett Temple,TOT,24,4.7,-0.085,-0.3
Garrett Temple,SAS,3,0.6,-0.135,0.0
Garrett Temple,MIL,9,3.1,-0.019,-0.1
Garrett Temple,CHA,12,6.4,-0.119,-0.1
Jason Terry,DAL,82,15.9,.100,1.9
Hasheem Thabeet,TOT,47,4.7,.043,-0.3
Hasheem Thabeet,MEM,45,4.9,.045,-0.3
Hasheem Thabeet,HOU,2,-13.6,-0.179,0.0
Etan Thomas,ATL,13,15.1,.130,0.0
Kurt Thomas,CHI,52,10.0,.131,0.4
Tyrus Thomas,CHA,41,18.2,.103,0.3
Jason Thompson,SAC,75,13.6,.079,-0.1
Al Thornton,TOT,71,11.7,.054,-0.4
Al Thornton,WAS,49,11.8,.058,-0.2
Al Thornton,GSW,22,11.3,.042,-0.3
Marcus Thornton,TOT,73,16.5,.095,1.3
Marcus Thornton,NOH,46,14.0,.057,0.3
Marcus Thornton,SAC,27,18.2,.123,1.0
Anthony Tolliver,MIN,65,13.3,.115,0.7
Ronny Turiaf,NYK,64,13.6,.134,1.0
Hedo Türkoğlu,TOT,81,13.4,.129,2.3
Hedo Türkoğlu,PHO,25,13.1,.092,0.4
Hedo Türkoğlu,ORL,56,13.6,.142,1.9
Evan Turner,PHI,78,10.8,.060,-0.1
Ekpe Udoh,GSW,58,9.7,.032,-0.5
Ime Udoka,SAS,20,5.3,.008,0.0
Beno Udrih,SAC,79,15.7,.126,1.7
Ben Uzoh,NJN,42,14.7,.054,0.2
Anderson Varejão,CLE,31,15.2,.105,0.3
Greivis Vásquez,MEM,70,9.4,.030,-0.3
Charlie Villanueva,DET,76,15.9,.091,0.7
Sasha Vujačić,TOT,67,12.3,.061,0.2
Sasha Vujačić,LAL,11,3.4,-0.082,-0.1
Sasha Vujačić,NJN,56,12.6,.066,0.3
Dwyane Wade,MIA,76,25.6,.218,6.1
Von Wafer,BOS,58,10.6,.092,0.1
Henry Walker,NYK,61,11.3,.069,0.0
John Wall,WAS,69,15.8,.041,0.8
Ben Wallace*,DET,54,12.3,.072,0.6
Gerald Wallace,TOT,71,16.2,.111,2.4
Gerald Wallace,CHA,48,15.0,.092,1.1
Gerald Wallace,POR,23,18.9,.153,1.2
Luke Walton,LAL,54,5.1,-0.016,-0.4
Willie Warren,LAC,19,10.8,.065,0.0
Hakim Warrick,PHO,80,16.5,.116,0.3
C.J. Watson,CHI,82,12.8,.093,0.5
Earl Watson,UTA,80,10.2,.030,-0.1
Kyle Weaver,UTA,5,11.3,-0.018,0.0
Martell Webster,MIN,46,12.4,.077,0.2
Sonny Weems,TOR,59,10.2,-0.013,-0.9
David West,NOH,70,20.4,.152,3.0
Delonte West,BOS,24,12.3,.093,0.4
Mario West,NJN,6,9.1,.069,-0.1
Russell Westbrook,OKC,82,23.6,.159,4.4
D.J. White,TOT,47,15.3,.128,0.2
D.J. White,OKC,23,10.1,.056,-0.1
D.J. White,CHA,24,17.7,.161,0.2
Hassan Whiteside,SAC,1,-17.9,.007,0.0
Chris Wilcox,DET,57,18.0,.133,0.2
Damien Wilkins,ATL,52,11.4,.104,0.2
Deron Williams,TOT,65,21.1,.142,3.1
Deron Williams,UTA,53,22.1,.159,2.9
Deron Williams,NJN,12,17.0,.066,0.2
Jason Williams,TOT,27,8.4,.031,0.0
Jason Williams,ORL,16,8.5,.053,0.1
Jason Williams,MEM,11,8.2,.000,0.0
Jawad Williams,CLE,26,4.8,-0.067,-0.5
Lou Williams,PHI,75,18.9,.141,1.9
Marvin Williams,ATL,65,13.5,.102,0.6
Mo Williams,TOT,58,13.9,.026,-0.2
Mo Williams,CLE,36,13.8,-0.005,-0.2
Mo Williams,LAC,22,14.0,.073,0.1
Reggie Williams,GSW,80,14.9,.109,0.7
Shawne Williams,NYK,64,12.2,.089,0.4
Shelden Williams,TOT,59,12.3,.102,-0.2
Shelden Williams,DEN,42,11.3,.078,-0.2
Shelden Williams,NYK,17,15.9,.188,0.0
Terrence Williams,TOT,21,6.9,-0.096,-0.3
Terrence Williams,NJN,10,6.2,-0.102,-0.2
Terrence Williams,HOU,11,8.6,-0.080,-0.1
Metta World Peace,LAL,82,11.2,.088,1.3
Antoine Wright,SAC,7,-4.8,-0.179,-0.1
Brandan Wright,TOT,37,15.9,.099,0.1
Brandan Wright,GSW,21,16.2,.091,0.0
Brandan Wright,NJN,16,15.5,.107,0.0
Dorell Wright,GSW,82,15.0,.088,2.2
Julian Wright,TOR,52,12.1,.038,0.4
Nick Young,WAS,64,14.5,.065,0.4
Sam Young,MEM,78,12.5,.088,0.5
Thaddeus Young,PHI,82,18.4,.139,1.6
